{"-1.5": {"2": [[1.0, 1.0, 1.0], [1.0, 1.0, 1.0], [1.0, 1.0, 1.0], [1.0, 1.0, 1.0]], "3": [[0.99972, 0.998, 1.0], [1.0, 1.0, 1.0], [1.0, 1.0, 1.0], [1.0, 1.0, 1.0]], "4": [[0.9986999999999999, 0.996, 1.0], [1.0, 1.0, 1.0], [1.0, 1.0, 1.0], [1.0, 1.0, 1.0]], "5": [[1.0, 1.0, 1.0], [1.0, 1.0, 1.0], [1.0, 1.0, 1.0]]}, "-1.3": {"2": [[1.0, 1.0, 1.0], [1.0, 1.0, 1.0], [1.0, 1.0, 1.0], [1.0, 1.0, 1.0]], "3": [[0.9975449999999999, 0.995, 1.0], [1.0, 1.0, 1.0], [1.0, 1.0, 1.0], [1.0, 1.0, 1.0]], "4": [[0.986785, 0.979, 0.995], [1.0, 1.0, 1.0], [1.0, 1.0, 1.0], [1.0, 1.0, 1.0]], "5": [[1.0, 1.0, 1.0], [1.0, 1.0, 1.0], [1.0, 1.0, 1.0]]}, "-1.1": {"2": [[0.9994500000000001, 0.997975, 1.0], [0.999945, 0.999, 1.0], [1.0, 1.0, 1.0], [1.0, 1.0, 1.0]], "3": [[0.9882299999999999, 0.981, 0.994025], [0.9999100000000002, 0.999, 1.0], [1.0, 1.0, 1.0], [1.0, 1.0, 1.0]], "4": [[0.904, 0.883975, 0.91905], [1.0, 1.0, 1.0], [1.0, 1.0, 1.0], [1.0, 1.0, 1.0]], "5": [[0.999945, 0.999, 1.0], [1.0, 1.0, 1.0], [1.0, 1.0, 1.0]]}, "-0.9": {"2": [[0.9992300000000001, 0.997, 1.0], [0.9998750000000001, 0.999, 1.0], [1.0, 1.0, 1.0], [1.0, 1.0, 1.0]], "3": [[0.93565, 0.920975, 0.949], [0.999845, 0.999, 1.0], [1.0, 1.0, 1.0], [1.0, 1.0, 1.0]], "4": [[0.6825699999999999, 0.655, 0.709], [0.9999000000000001, 0.999, 1.0], [0.9999750000000001, 0.999975, 1.0], [1.0, 1.0, 1.0]], "5": [[0.999965, 0.999, 1.0], [0.99997, 0.999, 1.0], [1.0, 1.0, 1.0]]}, "-0.7": {"2": [[0.99378, 0.988, 0.998025], [0.99956, 0.998, 1.0], [0.99991, 0.999, 1.0], [1.0, 1.0, 1.0]], "3": [[0.7733200000000001, 0.747, 0.79705], [0.9994, 0.997, 1.0], [0.9998900000000001, 0.999, 1.0], [0.9999450000000002, 0.999, 1.0]], "4": [[0.36216000000000004, 0.331975, 0.388], [0.99886, 0.997, 1.0], [0.99982, 0.999, 1.0], [0.999935, 0.999, 1.0]], "5": [[0.9986999999999999, 0.996, 1.0], [0.9997849999999999, 0.998, 1.0], [1.0, 1.0, 1.0]]}, "-0.5": {"2": [[0.9647249999999999, 0.9529749999999999, 0.975], [0.9968449999999999, 0.993, 1.0], [0.999615, 0.998, 1.0], [0.9999700000000001, 0.999975, 1.0]], "3": [[0.5038750000000001, 0.473975, 0.5280250000000001], [0.9947899999999998, 0.99, 0.999], [0.998965, 0.996, 1.0], [0.9996700000000002, 0.998, 1.0]], "4": [[0.135185, 0.11495000000000001, 0.158025], [0.99311, 0.989, 0.997025], [0.998185, 0.995, 1.0], [0.9999000000000001, 0.999, 1.0]], "5": [[0.9915549999999999, 0.9859749999999999, 0.997], [0.998475, 0.996, 1.0], [0.999835, 0.999, 1.0]]}, "-0.3": {"2": [[0.8751799999999998, 0.8529749999999999, 0.89705], [0.984555, 0.975, 0.991], [0.9969349999999999, 0.994, 1.0], [0.9991199999999999, 0.997, 1.0]], "3": [[0.24487000000000003, 0.219975, 0.268075], [0.9773949999999999, 0.969, 0.986025], [0.99476, 0.989, 0.999], [0.998665, 0.996, 1.0]], "4": [[0.035865, 0.025, 0.047025000000000004], [0.9712149999999999, 0.9609749999999999, 0.980025], [0.99206, 0.986, 0.997], [0.998785, 0.996, 1.0]], "5": [[0.965055, 0.952, 0.976], [0.992455, 0.9869749999999999, 0.997], [0.99891, 0.997, 1.0]]}, "-0.1": {"2": [[0.619685, 0.59295, 0.6460250000000001], [0.9418549999999999, 0.926975, 0.955075], [0.9840849999999999, 0.9749749999999999, 0.990025], [0.994915, 0.9899749999999999, 0.999]], "3": [[0.08108499999999999, 0.065975, 0.10102500000000002], [0.9149600000000001, 0.89895, 0.933], [0.9703350000000001, 0.958, 0.981025], [0.9922749999999999, 0.987, 0.997]], "4": [[0.006670000000000001, 0.002, 0.012025000000000006], [0.893625, 0.874975, 0.91305], [0.9693, 0.9589749999999999, 0.979], [0.993895, 0.9889749999999999, 0.998]], "5": [[0.86991, 0.8469749999999999, 0.891], [0.963015, 0.951, 0.974], [0.991525, 0.986, 0.996]]}, "0.1": {"2": [[0.33281999999999995, 0.303975, 0.361025], [0.839395, 0.81595, 0.861025], [0.9442500000000001, 0.929975, 0.960025], [0.9815450000000001, 0.973, 0.989]], "3": [[0.021275, 0.013975000000000001, 0.03], [0.774275, 0.748975, 0.8010750000000001], [0.89766, 0.87895, 0.9150250000000001], [0.967955, 0.959, 0.978]], "4": [[0.00169, 0.0, 0.005], [0.72986, 0.7049, 0.7590250000000001], [0.9035050000000001, 0.884975, 0.92], [0.969815, 0.959, 0.98]], "5": [[0.699165, 0.6689, 0.727025], [0.8810300000000001, 0.86095, 0.902], [0.962305, 0.9519749999999999, 0.975]]}, "0.3": {"2": [[0.130165, 0.11095000000000001, 0.152], [0.6622800000000001, 0.626975, 0.69405], [0.84934, 0.828, 0.871025], [0.9311400000000001, 0.915, 0.947]], "3": [[0.005960000000000001, 0.002, 0.010025000000000006], [0.5662999999999999, 0.536, 0.593025], [0.7596200000000001, 0.735, 0.7870250000000001], [0.902945, 0.88495, 0.922]], "4": [[0.000245, 0.0, 0.0010250000000000057], [0.5075799999999999, 0.47595, 0.546], [0.779325, 0.754, 0.806], [0.9036350000000002, 0.88595, 0.9220250000000001]], "5": [[0.47204500000000005, 0.438, 0.500025], [0.7286850000000001, 0.7009749999999999, 0.75605], [0.879705, 0.8619749999999999, 0.8980250000000001]]}, "0.5": {"2": [[0.049100000000000005, 0.037, 0.062025000000000004], [0.460295, 0.42295, 0.494], [0.6975050000000002, 0.66295, 0.731025], [0.83542, 0.806975, 0.86105]], "3": [[0.002085, 0.0, 0.005], [0.35643, 0.327975, 0.386025], [0.58228, 0.554, 0.612075], [0.7838849999999999, 0.76, 0.8100250000000001]], "4": [[5.4999999999999995e-05, 0.0, 0.001], [0.31224999999999997, 0.282, 0.343025], [0.6049899999999999, 0.579, 0.6370250000000001], [0.784835, 0.755975, 0.8080250000000001]], "5": [[0.278785, 0.253, 0.30710000000000004], [0.54009, 0.509975, 0.569025], [0.74572, 0.7189749999999999, 0.7700250000000001]]}, "0.7": {"2": [[0.01857, 0.012, 0.027025000000000004], [0.20381, 0.179, 0.22805000000000003], [0.428495, 0.39792500000000003, 0.459025], [0.61273, 0.581, 0.64215]], "3": [[0.001095, 0.0, 0.003], [0.146495, 0.125975, 0.16705000000000003], [0.31951500000000005, 0.291, 0.34707499999999997], [0.5430600000000001, 0.514, 0.58]], "4": [[3.5000000000000004e-05, 0.0, 0.001], [0.11715, 0.097, 0.135025], [0.337275, 0.307, 0.368], [0.54348, 0.50995, 0.571025]], "5": [[0.10298500000000001, 0.085, 0.124], [0.276915, 0.251, 0.30305], [0.49460499999999996, 0.46592500000000003, 0.5260250000000001]]}, "0.9": {"2": [[0.00938, 0.003975, 0.016], [0.02878500000000001, 0.019, 0.038025], [0.08654999999999997, 0.07, 0.10502500000000001], [0.17915, 0.156, 0.202025]], "3": [[0.000555, 0.0, 0.0020250000000000055], [0.02093, 0.012, 0.030025000000000003], [0.05603, 0.043, 0.072], [0.140015, 0.12, 0.162025]], "4": [[0.0, 0.0, 0.0], [0.014660000000000001, 0.007, 0.022025000000000003], [0.059785000000000005, 0.045, 0.075], [0.144115, 0.123975, 0.167]], "5": [[0.013385000000000003, 0.007, 0.021], [0.045935000000000004, 0.034, 0.057025000000000006], [0.11632000000000002, 0.097, 0.138025]]}, "1.1": {"2": [[0.0, 0.0, 0.0], [0.0, 0.0, 0.0], [0.0, 0.0, 0.0], [0.0, 0.0, 0.0]], "3": [[0.0, 0.0, 0.0], [0.0, 0.0, 0.0], [0.0, 0.0, 0.0], [0.0, 0.0, 0.0]], "4": [[0.0, 0.0, 0.0], [0.0, 0.0, 0.0], [0.0, 0.0, 0.0], [0.0, 0.0, 0.0]], "5": [[0.0, 0.0, 0.0], [0.0, 0.0, 0.0], [0.0, 0.0, 0.0]]}, "1.3": {"2": [[0.0, 0.0, 0.0], [0.0, 0.0, 0.0], [0.0, 0.0, 0.0], [0.0, 0.0, 0.0]], "3": [[0.0, 0.0, 0.0], [0.0, 0.0, 0.0], [0.0, 0.0, 0.0], [0.0, 0.0, 0.0]], "4": [[0.0, 0.0, 0.0], [0.0, 0.0, 0.0], [0.0, 0.0, 0.0], [0.0, 0.0, 0.0]], "5": [[0.0, 0.0, 0.0], [0.0, 0.0, 0.0], [0.0, 0.0, 0.0]]}}